Hex Color,Color Label
ee7025,Orange
ae8845,Brown
2a9b71,Green
a2a828,Green
abbf19,Yellow
978699,Violet
93c901,Green
ec592c,Orange
33edeb,Blue
b7ba2e,Yellow
5dd3d2,Blue
fed61c,Yellow
93ba12,Green
9e472d,Brown
3a871f,Green
7cb095,Green
8c75d7,Violet
46d89d,Green
7b0c16,Red
ecc628,Orange
64870e,Green
657833,Green
fadc74,Yellow
bbce54,Yellow
7adaa0,Green
154c07,Green
7d8a88,Grey
12e981,Green
139769,Green
1a7d6f,Green
6707af,Violet
51d564,Green
ec9198,Pink
37923c,Green
bfd1ed,Blue
190fe5,Blue
17b2a3,Green
4fee77,Green
b2a731,Yellow
d49cfc,Violet
74bfad,Green
33b8ee,Blue
4dbb4b,Green
1282bd,Blue
8c736d,Brown
f265ec,Violet
ed3831,Red
33bcbc,Blue
1bac38,Green
45039f,Violet
eecd8a,Orange
0b788b,Blue
f4504e,Pink
65cb7c,Green
f7d9e6,Pink
79031a,Red
d6376d,Pink
ef38ee,Violet
04ef05,Green
adbab2,Grey
df2e6f,Pink
0dbd37,Green
ae85ae,Violet
e7b5bc,Pink
43c7b6,Blue
0b0405,Brown
872c97,Violet
10b854,Green
19b394,Green
6556ed,Violet
88fbf4,Blue
a6818b,Pink
e09d20,Orange
3a3d13,Green
6f6882,Violet
0a487a,Blue
b697d7,Violet
7369fc,Blue
b08099,Violet
bc182c,Red
d8f05c,Yellow
87eede,Blue
844410,Brown
a75f30,Brown
64d9fb,Blue
0239cf,Blue
3b82c6,Blue
76fef3,Blue
460440,Brown
6fa6eb,Blue
e2aeea,Violet
f94651,Pink
e9f60a,Yellow
8b97ba,Blue
36d0bc,Green
85b574,Green
6b1774,Violet
dddb91,Yellow
dd3a5d,Pink
6caa36,Green
541acc,Blue
d39161,Brown
b2b2fd,Blue
37a7ce,Blue
dc1f74,Pink
6fbba3,Green
266b02,Green
8aca5c,Green
7811f9,Violet
331fd7,Blue
831058,Violet
e8cef6,Violet
f90827,Red
3e114d,Violet
b4bd36,Green
73b6be,Blue
ee160e,Red
76584a,Brown
fc64ea,Pink
17668a,Blue
7fe659,Green
cac92c,Yellow
cc0e4b,Pink
5cc1a1,Green
d06eaa,Violet
8ab44a,Green
7c93d5,Blue
87d36a,Green
c8ecf3,Blue
b99cf7,Violet
4fedcd,Blue
551e00,Brown
a758c0,Violet
a2076b,Violet
8977a5,Violet
5bb977,Green
fb9016,Orange
b7a321,Orange
647e35,Green
19f0ac,Green
3d45a8,Blue
6d582f,Brown
b4c880,Green
28a3e2,Blue
fc459d,Pink
9b91af,Blue
b16021,Orange
33f626,Green
896a05,Brown
20c144,Green
3e4464,Blue
2a89a3,Blue
faf013,Yellow
ce4ee0,Violet
16eb5a,Green
db0f34,Red
39de24,Green
02f920,Green
4ff21f,Green
faf9bb,Yellow
d9829d,Pink
703ca5,Violet
d27121,Orange
85f717,Green
c8565a,Pink
428ec4,Blue
18af0e,Green
4a6644,Green
bfd41e,Yellow
ce7946,Brown
be18e8,Violet
d08e61,Brown
c6fea6,Green
8f3dd9,Violet
be9bf4,Violet
1611ae,Blue
9ce808,Green
3e0c7a,Violet
8f950a,Yellow
4f2def,Blue
f33a8e,Pink
4d53dc,Blue
457724,Green
67dfc5,Green
c5bec7,Violet
edea19,Yellow
2ba44d,Green
5b6e10,Brown
c0340e,Brown
8a6fb1,Violet
431487,Violet
a00f5e,Pink
f6c9a5,Brown
e67062,Red
591037,Brown
a0920d,Brown
df48c6,Violet
14304e,Blue
e82a64,Pink
c9d847,Yellow
416dd1,Blue
b6e963,Green
93da84,Green
cd7afe,Violet
ce0891,Pink
2e67e5,Blue
abfc0d,Yellow
12bedd,Blue
9e169c,Violet
1a6464,Green
29de2a,Green
b820b8,Violet
61d29a,Green
820bf4,Violet
9793b1,Violet
dd34d1,Violet
ced18a,Yellow
ed45e0,Violet
882b3d,Red
552824,Brown
94024e,Pink
8abe87,Green
c9ab94,Brown
2b6e4b,Green
95c2ae,Green
18a3fa,Blue
7e9b30,Green
4424e1,Blue
a66508,Brown
884220,Brown
7e11dc,Violet
a0df96,Green
b1edf2,Blue
2396c3,Blue
43b442,Green
72a225,Green
78e276,Green
cb13b2,Pink
97e69d,Green
f1c5e7,Violet
3d2256,Violet
420877,Violet
a03421,Brown
ae1250,Pink
c6f43f,Yellow
a40b4d,Pink
f374e7,Violet
f669d8,Pink
6bf455,Green
557f1d,Green
3e54ec,Blue
711545,Brown
b9193e,Pink
57b861,Green
efb42d,Orange
525d4d,Brown
91d8ba,Green
84b971,Green
07e72d,Green
1cefc6,Green
5d46f2,Violet
00a751,Green
bbcdac,Green
2209c5,Blue
e200a5,Pink
1793cc,Blue
a7510d,Brown
54ce0c,Green
53c445,Green
248e57,Green
b5f5e3,Green
37291d,Brown
cf0419,Red
2beede,Blue
11ee7b,Green
f1d272,Yellow
e54638,Red
dac4b1,Pink
49e740,Green
0dca83,Green
f98894,Pink
f278d6,Violet
3a1993,Blue
dc2bed,Violet
09f2d9,Blue
90a4db,Blue
d8e736,Yellow
7d8b1c,Green
f63f8d,Pink
1eedfb,Blue
67973e,Green
0a7646,Green
ad9bd2,Violet
8e9077,Green
431298,Violet
ee9922,Orange
b8e031,Green
e79bdb,Violet
c5f338,Yellow
452336,Violet
a01af2,Violet
e3d421,Yellow
1c4b6d,Blue
5d995b,Green
85422a,Brown
d331c5,Violet
73c2ee,Blue
e52597,Violet
5b3f2b,Brown
f80fd5,Pink
a9bc77,Green
609884,Green
b288b4,Violet
f8f4f5,Pink
8b1f67,Violet
643d54,Violet
1c676c,Blue
dabc8c,Green
030f45,Blue
764703,Brown
9230e6,Violet
bc642d,Brown
5de1ef,Blue
d09ae4,Violet
4c11cf,Violet
1e4de0,Blue
095645,Green
42245d,Violet
1b8838,Green
296031,Green
1ee9a8,Green
a2aa70,Green
ba04e0,Violet
23e952,Green
6831b3,Violet
8710a2,Violet
8668fb,Violet
e4f741,Yellow
c1bd92,Brown
3b5dae,Blue
e80c96,Pink
3b08f0,Violet
6a1ab3,Violet
7c0898,Violet
e036fa,Violet
bddf6f,Green
94f5d1,Green
e4789a,Pink
fd8a32,Orange
7a044d,Pink
c452a6,Violet
18b109,Green
214c51,Blue
a1101f,Red
803c5b,Violet
3e8c23,Green
bcd9ba,Green
366c12,Green
e17ede,Violet
de388f,Violet
ee0e22,Red
7dc896,Green
ab28e1,Violet
3a151b,Brown
1516a6,Blue
28af1b,Green
17756b,Green
cc7aba,Violet
483455,Violet
6ab764,Green
e784ae,Pink
4da59b,Green
360569,Violet
4fa283,Green
8891e9,Blue
e0f2c7,Green
113b86,Blue
8716d9,Violet
7d2bdb,Violet
85b759,Green
38b5f7,Blue
129206,Violet
de8c99,Pink
694fb2,Violet
23f3cc,Green
cdcfb5,Brown
e653c9,Pink
ebf6b2,Green
00a054,Green
15cecf,Blue
6b0cde,Violet
087126,Green
d72033,Red
799917,Green
4bc286,Green
59fc95,Green
a24789,Violet
d116c9,Pink
be1762,Pink
273d87,Blue
ae1602,Brown
3a963e,Green
8d894e,Brown
b21cd5,Violet
92f846,Green
a7e040,Green
c51449,Pink
453142,Violet
135409,Green
807f5c,Brown
27056a,Blue
c57d8f,Pink
b49798,Pink
3aa26d,Green
ba30b5,Violet
61b9f9,Blue
a3cf6a,Green
739e0b,Green
d323d5,Violet
5c333a,Brown
0a6b03,Green
1a75d9,Blue
7ba3e1,Blue
0f4a6e,Blue
693bb7,Violet
85345e,Violet
297cd9,Blue
7ba2e2,Blue
3415bf,Violet
8bb206,Green
6ce4f8,Blue
3ded3d,Green
b1300e,Brown
660a66,Violet
f7355a,Pink
721c6a,Violet
88584d,Brown
365fb0,Blue
20cc86,Green
a579a0,Violet
274567,Blue
b5183c,Pink
6e9b31,Green
e01e1f,Red
af3724,Brown
b0f07b,Green
24f654,Green
3297c0,Blue
d627d0,Violet
72a0b7,Blue
8a0039,Violet
5b402c,Brown
a31165,Pink
78d364,Green
d7879d,Pink
1ec608,Green
3c908b,Green
eca50a,Orange
de3ea8,Violet
fcaa45,Orange
27aeda,Blue
69f197,Green
f0a848,Orange
d40d94,Pink
1faadf,Violet
8e2fe7,Violet
17667a,Violet
0ddced,Blue
b2cb0e,Yellow
f32b50,Pink
ed2c98,Pink
9ef5f6,Blue
fc1ae9,Pink
0124af,Blue
095d93,Blue
721a25,Red
8ff3b7,Green
f06301,Orange
ad0628,Brown
b203b4,Violet
0c0294,Blue
fee7a5,Yellow
9adb13,Green
c85d29,Orange
4003cc,Blue
ade139,Green
bad372,Green
b3e0f4,Blue
5ded90,Green
26c3c6,Blue
5a9313,Green
023b3f,Blue
5e528e,Blue
0b2c26,Brown
0a04f2,Blue
efc676,Orange
e352e3,Pink
3e7d96,Blue
72b498,Green
adbf1d,Yellow
9bd1d1,Blue
421dc9,Blue
315149,Green
db50d4,Violet
4f978c,Green
1aa2b2,Violet
c7c222,Yellow
156322,Green
ba272d,Red
91a13f,Green
829a08,Green
d5e161,Yellow
b850ad,Violet
79b682,Green
2fed22,Green
635da9,Blue
d110c3,Violet
330b31,Violet
57b53f,Green
aa1fe9,Violet
4932ec,Blue
d10652,Pink
a9dee3,Blue
1e0f37,Violet
593ce2,Blue
fea1e2,Pink
3816da,Violet
389c23,Green
012d53,Blue
de49c2,Violet
405000,Brown
ba9fd0,Violet
891a92,Violet
0e4184,Blue
900d30,Red
810e80,Violet
6438cd,Violet
6c26af,Violet
c5b48e,Brown
3321b6,Violet
c093ad,Violet
e9a880,Brown
2b7b9d,Blue
647481,Grey
bb50fc,Violet
479fe6,Blue
4957d4,Blue
7b5817,Brown
4e269e,Violet
a919d9,Violet
6a1595,Violet
52a744,Green
4718db,Blue
685343,Brown
809c26,Green
53c7a5,Green
81e5f5,Blue
ae37b7,Violet
86e9f5,Blue
9dc19a,Green
c46a7d,Pink
84b018,Green
8d1f40,Violet
8365a3,Violet
c13a1b,Red
83bd8f,Green
a3a230,Green
5cbeb4,Green
ba6b79,Pink
8e2603,Brown
dba464,Brown
96f9e4,Green
391ba7,Blue
ea9992,Pink
6aec16,Green
cdbd02,Yellow
62ce80,Green
997865,Brown
7892b5,Blue
b7050a,Red
72cfe6,Blue
4d5fbe,Blue
db28a5,Pink
5f4446,Brown
1fc9e5,Blue
186f4b,Green
452db3,Blue
4780b6,Blue
84b606,Green
2f79f4,Blue
b4422b,Brown
4a3457,Violet
2f6627,Green
2b9e3e,Green
18f811,Green
1e5304,Green
0803dc,Blue
5817ad,Violet
bfbc16,Yellow
611aa3,Violet
118383,Green
02c57b,Green
4a3035,Brown
1f9856,Green
7c2757,Violet
a5cf42,Green
c56029,Brown
e31544,Pink
248571,Green
ab71cd,Violet
f7a12e,Orange
0423e3,Blue
167448,Brown
4a1360,Violet
46553f,Green
5431eb,Blue
40d4e1,Blue
624e81,Violet
a2cd43,Green
7cafee,Pink
6c5e0b,Brown
ec6319,Orange
10a3cb,Blue
1cc06a,Green
c494ac,Pink
f25b39,Red
0fe15f,Green
41279c,Violet
3ff371,Green
18488e,Blue
d802db,Violet
05a774,Green
22226b,Blue
88b91f,Green
2dd8a7,Green
d89771,Brown
4c6841,Green
74df19,Green
9e8f50,Green
6db398,Green
a78ade,Violet
46e8cc,Green
e08728,Orange
163560,Blue
b72975,Pink
2b25af,Blue
a6f5a8,Green
892e8a,Violet
76b94d,Green
2f241c,Brown
1cb1e7,Blue
6e66ed,Blue
c811fd,Violet
fcbe30,Yellow
444745,Green
3c79dd,Blue
1821d4,Blue
62df70,Green
a42f48,Pink
22b927,Green
71bf18,Green
dfbeac,Pink
408331,Green
0094d3,Blue
cc946d,Brown
6ae363,Green
df56ca,Violet
98c1d0,Blue
3f8c16,Green
54363a,Brown
dbba95,Brown
ae0985,Violet
c37759,Brown
30d5d7,Blue
c1bd5e,Yellow
be5a6b,Green
e1dbe3,Pink
b8ac7c,Brown
a4423c,Brown
f3024b,Pink
22a026,Green
c40caf,Pink
ab4830,Brown
193d19,Green
e4b036,Orange
f7f684,Yellow
ba85f7,Violet
56e5d4,Green
37800b,Green
ab3339,Red
ed87a5,Pink
3ba751,Green
834c45,Brown
e994fd,Violet
27e0a9,Green
e2b2dd,Violet
95dd7c,Green
3c8770,Green
f5c5e4,Violet
523e0b,Brown
402569,Blue
cc5fca,Violet
a37f3c,Brown
50f049,Green
efae1e,Yellow
bee03c,Yellow
79fdc9,Green
85e603,Green
619629,Green
871c65,Violet
d82701,Red
1df9c8,Green
bcf187,Yellow
ece4df,Grey
d767b5,Pink
f5d296,Orange
16013e,Violet
5aaa53,Green
a64bfb,Violet
87d09f,Green
882376,Violet
c200ab,Violet
321fdb,Blue
71b54e,Green
b0f569,Green
5fd2ec,Blue
8a72d2,Violet
4bde05,Green
7385b5,Blue
a01333,Brown
75e8ba,Green
78c892,Green
752547,Pink
74a779,Green
2984c9,Blue
d15d94,Pink
20b399,Green
629f73,Green
2dc8e8,Blue
2a7fc6,Blue
0458e4,Blue
9caf35,Green
159a97,Green
d847d9,Violet
f14943,Orange
6753f3,Blue
c3b476,Brown
bce00a,Yellow
3a659a,Blue
0c8a7a,Green
decda1,Pink
f707b8,Violet
6a17f1,Violet
346406,Green
60858f,Blue
5983de,Blue
9e0433,Brown
a5c869,Green
7acb9b,Green
f81213,Red
a909ed,Violet
d1226b,Pink
36b483,Green
336175,Blue
bb7c0b,Brown
824d92,Violet
29ae51,Green
5cd705,Green
0b4959,Green
335fe9,Blue
8e111c,Red
269c31,Green
f32ce2,Pink
080014,Blue
a2b741,Green
6c495f,Violet
de4927,Brown
08a7cc,Blue
981f82,Violet
de0d83,Violet
61df46,Green
c9db39,Yellow
aa2661,Pink
972f4f,Violet
48315f,Violet
276c0b,Green
6ddf6d,Green
bbb2e1,Violet
62b26f,Green
cb5d95,Pink
761556,Violet
595bc9,Blue
ac1b87,Pink
330286,Violet
88ecc5,Green
761c21,Red
814bf7,Violet
d65da2,Pink
1fe832,Green
350068,Violet
a3a1be,Grey
4c3ed5,Blue
599415,Green
ccf630,Green
ecf3c3,Green
f2d408,Yellow
c8495a,Pink
629de4,Blue
82c5a9,Green
c21d86,Violet
62d457,Green
104cc4,Blue
700e8a,Violet
5809ed,Blue
1d020e,Black
ee6cad,Pink
1894d2,Blue
14fd0e,Green
de107a,Pink
a47dba,Violet
818260,Brown
dd4e44,Red
5cd9e8,Blue
d9703a,Orange
7b7fd2,Blue
d0ef18,Yellow
f083ce,Pink
b6471f,Brown
f2ead6,Brown
c0664c,Brown
200a78,Blue
b9c442,Green
2b92ae,Blue
c2d395,Green
d1af29,Orange
3da104,Green
d59029,Orange
19fb13,Green
f67b24,Orange
ad3d7b,Violet
4cc34c,Green
b303f0,Violet
91567c,Violet
812427,Brown
7b7787,Grey
818322,Green
9cfcb9,Green
3c1338,Violet
ac98e5,Violet
c4098b,Violet
f4d082,Yellow
a922db,Violet
af4336,Red
f4c66f,Yellow
287591,Blue
98c7f0,Blue
63b124,Green
f90add,Pink
fe7e02,Orange
3500c8,Blue
f54afb,Violet
fba66a,Orange
50229e,Violet
1b6de5,Blue
343618,Brown
0ce929,Green
c09ac6,Violet
4e7c78,Green
09f354,Green
0ecc7e,Green
64a978,Green
547388,Blue
4bbb8b,Green
736877,Grey
3b5c46,Green
95e8d2,Green
5ee4a6,Green
374ce4,Blue
2b8bd7,Blue
c21676,Pink
90da2e,Green
a3bf13,Green
94f956,Green
16cc11,Green
f90cdb,Pink
01ae37,Green
993016,Brown
b5719f,Violet
cc740d,Orange
14e0c3,Blue
06caf4,Blue
f7899b,Pink
570e18,Brown
e60dfd,Violet
d86585,Pink
6a79cf,Blue
33e07b,Green
04ba23,Green
eeb640,Yellow
1d25c1,Blue
d80674,Pink
1483a7,Blue
f10adc,Pink
98ae02,Green
6796b1,Blue
5fae97,Green
c1c07f,Brown
3c0499,Violet
a11bd8,Violet
6a4766,Violet
8d0d7f,Violet
f8fe6b,Yellow
8c1666,Violet
80af87,Green
dd7e0d,Orange
a45f3a,Brown
67ccec,Blue
de698a,Pink
374fb3,Blue
53cb87,Green
fda33f,Orange
d6b952,Yellow
e26b89,Pink
e0e6f2,Blue
27a6a4,Green
8fd0e6,Blue
fb9556,Orange
37ae05,Green
5ebd4d,Green
276109,Green
cd94b8,Violet
04a762,Green
e33bcd,Pink
f0f086,Yellow
433921,Brown
6237aa,Violet
3dd815,Green
b1a8fe,Violet
ecb8af,Pink
c4ed1f,Green
aa64f3,Violet
16de81,Green
d89eaf,Pink
e89d4d,Orange
8f3b98,Violet
112258,Blue
d80e87,Pink
ebc515,Yellow
568188,Blue
6eb8d7,Blue
c3d281,Green
75525e,Brown
bc2985,Violet
0093c3,Blue
0f9cb3,Blue
acd41d,Yellow
9469c6,Violet
041cf9,Blue
263e85,Blue
a8552e,Brown
7481d2,Blue
ef8eaf,Pink
ce7210,Orange
2ed65d,Green
f07d36,Orange
007b56,Green
6ecdf9,Blue
b09938,Brown
a30076,Violet
52ed60,Green
28011b,Violet
d7e6aa,Green
e37709,Orange
fcaa99,Pink
a3dbb9,Green
453c26,Brown
2a2902,Brown
4d9bd1,Blue
e7bb32,Yellow
70909b,Grey
bd1cc0,Pink
bda6f4,Violet
ddd8b1,Yellow
cb9c1c,Orange
3d8c29,Green
5a77fc,Blue
65589e,Violet
ac7175,Pink
51c2c7,Blue
730517,Brown
d7fe3c,Yellow
f97ad3,Pink
2f3ee7,Blue
5b669e,Blue
286fc4,Blue
7a492e,Brown
13e570,Green
330e9a,Violet
6d5434,Brown
947210,Brown
000000,Black
000080,Blue
00008b,Blue
0000cd,Blue
0000ff,Blue
006400,Green
008000,Green
008080,Green
008b8b,Green
00bfff,Blue
00ced1,Blue
00fa9a,Green
00ff00,Green
00ff7f,Green
00ffff,Blue
00ffff,Blue
191970,Blue
1e90ff,Blue
20b2aa,Green
228b22,Green
2e8b57,Green
2f4f4f,Grey
2f4f4f,Grey
32cd32,Green
3cb371,Green
40e0d0,Green
4169e1,Blue
4682b4,Blue
483d8b,Violet
48d1cc,Green
4b0082,Violet
556b2f,Green
5f9ea0,Blue
6495ed,Blue
663399,Violet
66cdaa,Green
696969,Grey
696969,Grey
6a5acd,Blue
6b8e23,Green
708090,Grey
708090,Grey
778899,Grey
778899,Grey
7b68ee,Blue
7cfc00,Green
7fff00,Yellow
7fffd4,Green
800000,Red
800080,Violet
808000,Brown
808080,Grey
808080,Grey
87ceeb,Blue
87cefa,Blue
8a2be2,Violet
8b0000,Red
8b008b,Violet
8b4513,Brown
8fbc8f,Green
90ee90,Green
9370db,Violet
9400d3,Violet
98fb98,Green
9932cc,Violet
9acd32,Green
a0522d,Brown
a52a2a,Brown
a9a9a9,Grey
a9a9a9,Grey
add8e6,Pink
adff2f,Yellow
afeeee,Pink
b0c4de,Blue
b0e0e6,Blue
b22222,Red
b8860b,Brown
ba55d3,Violet
bc8f8f,Pink
bdb76b,Brown
c0c0c0,Grey
c71585,Pink
cd5c5c,Red
cd853f,Brown
d2691e,Brown
d2b48c,Brown
d3d3d3,Grey
d3d3d3,Grey
d8bfd8,Violet
da70d6,Violet
daa520,Orange
db7093,Pink
dc143c,Pink
dcdcdc,Grey
dda0dd,Violet
deb887,Brown
e0ffff,Blue
e6e6fa,Violet
e9967a,Orange
ee82ee,Violet
eee8aa,Yellow
f08080,Grey
f0e68c,Yellow
f0f8ff,Blue
f0fff0,Green
f0ffff,White
f4a460,Orange
f5deb3,Brown
f5f5dc,Beige
f5f5f5,Grey
f5fffa,White
f8f8ff,Violet
fa8072,Pink
faebd7,Pink
faf0e6,White
fafad2,Yellow
fdf5e6,White
ff0000,Red
ff00ff,Violet
ff00ff,Violet
ff1493,Pink
ff4500,Orange
ff6347,Red
ff69b4,Pink
ff7f50,Orange
ff8c00,Orange
ffa07a,Orange
ffa500,Orange
ffb6c1,Pink
ffc0cb,Pink
ffd700,Yellow
ffdab9,Pink
ffdead,Brown
ffe4b5,Orange
ffe4c4,Orange
ffe4e1,Pink
ffebcd,Pink
ffefd5,Yellow
fff0f5,Pink
fff5ee,Pink
fff8dc,White
fffacd,Yellow
fffaf0,Pink
fffafa,Pink
ffff00,Yellow
ffffe0,Yellow
fffff0,Yellow
ffffff,White
